Year,Text,Entities,Countries,Cities
2006," – Stanley Cup Western Conference Finals (Edmonton Oilers victory), May , Edmonton, Alberta, Canada[]","[ –, Edmonton Oilers, May, Edmonton, Alberta, Canada]",['Canada'],['Edmonton']
2006, – Cartoon riots[],[ – Cartoon],[],[]
2006," –  Nuku'alofa riots, November  (Nuku'alofa, Tonga)","[November, Tonga]",['Tonga'],[]
2006," –  Dublin riots, February  (Dublin, Ireland)","[Dublin, February, Dublin, Ireland]",['Ireland'],"['Dublin', 'Dublin']"
2006," – San Bernardino punk riot, March  San Bernardino, California","[ –, March  San Bernardino, California]",[],"['San Bernardino', 'March', 'San Bernardino']"
2006," –  labor protests in France, March–April, (Paris, France)[citation needed]","[France, March–April, Paris]","['France', 'France']","['March', 'Paris']"
2006," – Burj Khalifa riot (Dubai, UAE)","[ – Burj Khalifa, Dubai, UAE]",[],['Dubai']
2006," – Hindu/Muslim Aligarh Riots, April (Aligarh, India)","[ –, April, Aligarh, India]",['India'],[]
2006," – April  Venezuela prison riot, April (Venezuela)[]","[ – April, Venezuela, April, Venezuela]","['Venezuela', 'Venezuela']",[]
2006," –  civil unrest in San Salvador Atenco (San Salvador Atenco, Mexico)[]","[San Salvador, San Salvador, Mexico]",['Mexico'],"['San Salvador', 'San Salvador']"
2006," – Riot after a hospital doesn't treat a patient[][full citation needed] (Sichuan, China)","[ – Riot, Sichuan, China]",['China'],[]
2006," – Riot over government response to a whistleblower,[] (Shandong, China)","[ , Riot, Shandong, China]",['China'],[]
2006," – Riot follows after a traffic accident incites violence,[] (Chizhou, China)","[ , Riot, Chizhou, China]",['China'],['Chizhou']
2006," – Riot over a land dispute,[] (Sanzhou, China)","[ – Riot, Sanzhou, China]",['China'],[]
2006, –  protests in Hungary,[Hungary],['Hungary'],[]
2006," – The October  Mangalore riots were a set of riots in Mangalore, India triggered after Hindu extremist group Bajrang Dal attacked a Van which was transporting cows. Government imposed a curfew for a week. Two people were killed and up to  people were injured.","[October, Mangalore, Mangalore, India, Hindu, Bajrang Dal, Van, a week, Two,  ]",['India'],"['Mangalore', 'Mangalore', 'Van']"
2006, – November  Political Riots in Bangladesh. Violent clashes between the two major parties Bangladesh Awami League and Bangladesh Nationalist Party including vandalism and arson attacks leave + dead.[],"[November,  Political Riots, Bangladesh, two, Bangladesh Awami League, Bangladesh Nationalist Party]",['Bangladesh'],[]
2006," – Copenhagen December Riot (Nørrebro, Copenhagen, Denmark)","[ –, Riot, Nørrebro, Copenhagen, Denmark]",['Denmark'],['Copenhagen']
2007," – Anti-immigrant riots,[] (Madrid, Spain)","[Madrid, Spain]",['Spain'],['Madrid']
2007, –  – Guinea-Bissau riot,"[Guinea, Bissau]",['Guinea-Bissau'],[]
2007," – Chinese immigrants clash with riot police,[] (Milan, Italy)","[Chinese, Milan, Italy]",['Italy'],[]
2007," – Riot starts when a company takes over the bus routes and doubles the fares,[] (Zhushan, China)","[ , Riot, Zhushan, China]",['China'],[]
2007," –  Karachi riots (Karachi, Pakistan)","[Karachi, Karachi, Pakistan]",['Pakistan'],"['Karachi', 'Karachi']"
2007," – Bronze soldier riot (Tallinn, Estonia)","[Tallinn, Estonia]",['Estonia'],['Tallinn']
2007," – Muslim-Tibetan riot,[] (Qinghai, China)","[ – Muslim-Tibetan, Qinghai, China]",['China'],[]
2007," – Muslim–Han riot[] (Shandong, China)","[Muslim, Han, Shandong, China]",['China'],[]
2007," – Romani riots[][unreliable source?] (Sofia, Bulgaria)","[Romani, Sofia, Bulgaria]",['Bulgaria'],['Sofia']
2007," – Georgian anti-government protests, September – December",[September – December],[],[]
2007, – Burmese anti-government protests,[ ],[],[]
2007," – Riots in Villiers-le-Bel, France, November –[citation needed]","[ –, France, November]",['France'],[]
2007, – Food riots in West Bengal,"[ –, West Bengal]",[],[]
2007,– Kenyan Presidential Election Riots,[Kenyan Presidential Election Riots],[],[]
2007," - Food riots in India, Peru, Morocco, Egypt, Bangladesh, Pakistan, Zimbabwe, Mozambique, Namibia, Uzbekistan, Indonesia, Yemen, Guinea, Cameroon, Burkina Faso, Mauritania and Senegal.[","[ - Food, India, Peru, Morocco, Egypt, Bangladesh, Pakistan, Zimbabwe, Mozambique, Namibia, Uzbekistan, Indonesia, Yemen, Guinea, Cameroon, Burkina Faso, Mauritania, Senegal]","['India', 'Peru', 'Morocco', 'Egypt', 'Bangladesh', 'Pakistan', 'Zimbabwe', 'Mozambique', 'Namibia', 'Uzbekistan', 'Indonesia', 'Yemen', 'Guinea', 'Cameroon', 'Burkina Faso', 'Mauritania', 'Senegal']",[]
2008, – Kenyan Presidential Election Riots,[Kenyan Presidential Election Riots],[],[]
2008," – Striking dock workers clash with riot police at state-controlled Piraeus (OLP) and Thessaloniki (OLTH) ports[] Greece, Jan +","[Piraeus (OLP, Thessaloniki, OLTH, Greece, Jan]",['Greece'],['Piraeus']
2008, – Protests in Serbia – Riots in Belgrade on embassies of countries recognizing the independence of Kosovo by Serbian nationalists.,"[ –, Belgrade, Kosovo, Serbian]","['Serbia', 'Kosovo']",['Belgrade']
2008, – Political crisis in Lebanon – Riots and engagements between Islamists and progressives.,"[Lebanon, Islamists]",['Lebanon'],[]
2008," – Tibetan unrest, March  – June (Tibet)","[ –, March  – June, Tibet]",[],['March']
2008," – Food riots in India, Peru, Morocco, Egypt, Bangladesh, Pakistan, Zimbabwe, Mozambique, Namibia, Uzbekistan, Indonesia, Yemen, Guinea, Cameroon, Burkina Faso, Mauritania and Senegal.[][][][][]","[ – Food, India, Peru, Morocco, Egypt, Bangladesh, Pakistan, Zimbabwe, Mozambique, Namibia, Uzbekistan, Indonesia, Yemen, Guinea, Cameroon, Burkina Faso, Mauritania, Senegal]","['India', 'Peru', 'Morocco', 'Egypt', 'Bangladesh', 'Pakistan', 'Zimbabwe', 'Mozambique', 'Namibia', 'Uzbekistan', 'Indonesia', 'Yemen', 'Guinea', 'Cameroon', 'Burkina Faso', 'Mauritania', 'Senegal']",[]
2008," – UEFA Cup Final riots in Manchester, United Kingdom","[UEFA Cup, Manchester, United Kingdom]",['United Kingdom'],['Manchester']
2008, – South Africa riots – Attacks on foreign nationals,[South Africa],['South Africa'],[]
2008, – Fishermen riots in Paris – French fishermen clashed with police as they protested over rising fuel costs[],"[Paris, French]",[],['Paris']
2008, – Fishermen riots in Brussels[],[Brussels],[],['Brussels']
2008," – Kamagasaki G Riots Osaka, June  Repression and Revolt, General Union","[ , Osaka, June, Revolt, General Union]",[],[]
2008," –  Guizhou riot in Guizhou, China[]","[Guizhou, Guizhou, China]",['China'],[]
2008," – Kanmen riot in the coastal province of Zhejiang.[] According to the Ministry of Public Security, there were , riots and protests reported in  and this number increases every year.[]","[Zhejiang, the Ministry of Public Security,  , every year]",[],[]
2008," –  riot in Mongolia, following the legislative election",[Mongolia],['Mongolia'],[]
2008," – August  Montreal North Riot (Montreal, Quebec, Canada)[]","[ –, Montreal North Riot, Montreal, Quebec, Canada]",['Canada'],[]
2008, – Riots throughout Greece after police shot dead a teenager.[],"[ – Riots, Greece]",['Greece'],[]
2008, –  attacks on Christians in southern Karnataka : Riot erupted after Hindu extremist groups Bajrang Dal and Sri Ram Sena attacked on Churches in Mangalore. Damaged the Churches and injured the people include Nuns.,"[Christians, Karnataka, Riot, Hindu, Bajrang Dal, Sri Ram Sena, Mangalore, Nuns]",[],['Mangalore']
2009," – Riots in Oslo, Copenhagen, London, Belfast, Los Angeles, San Francisco, and other cities following the – Israel–Gaza conflict.","[ –, Oslo, Copenhagen, London, Belfast, Los Angeles, San Francisco, Israel, Gaza]",['Israel'],"['Oslo', 'Copenhagen', 'London', 'Belfast', 'Los Angeles', 'San Francisco', 'Gaza']"
2009," – Riot on January  in Riga, Latvia, after a peaceful demonstration of people, demanding parliament (Saeima) dissolution.","[ – Riot, January, Riga, Latvia, Saeima]",['Latvia'],['Riga']
2009," – Ubudiah Mosque riots in Kuala Kangsar, Perak, Malaysia.[]","[ –, Kuala Kangsar, Perak, Malaysia]",['Malaysia'],['Kuala Kangsar']
2009," – Icelandic riots[citation needed] (Reykjavík, Iceland) (From: Mail Online, London //)[not specific enough to verify]","[Reykjavík, Iceland, Mail Online, London]",['Iceland'],"['Reykjavík', 'London']"
2009," – Rioting in Belfast, Northern Ireland after St Patrick's Day on March .[]","[Belfast, Northern Ireland, St Patrick's, March]",[],"['Belfast', 'March']"
2009," – Anti-government Riots, (Bangkok, Thailand). Protesters are demanding the resignation of Prime Minister Abhisit Vejjajiva. hundreds of protesters injured. Thai Army were deployed on the streets of Bangkok and the State of Emergency was declared.","[Riots, Bangkok, Thailand, hundreds, Thai Army, Bangkok, the State of Emergency]",['Thailand'],"['Bangkok', 'Bangkok']"
2009, –  Iranian election protests,[Iranian],[],[]
2009," – July  Ürümqi riots in Ürümqi, China, July  --?","[ – July, Ürümqi, Ürümqi, China, July  ]",['China'],[]
2009," – Riots in Pakistan's central Punjab,  dead.[]","[ –, Pakistan, Punjab]",['Pakistan'],[]
2009," – Riots in Birmingham, United Kingdom when far-right activists clash with anti-racism protesters and local members of the Muslim and Afro-Caribbean community on August , .[]","[ – Riots, Birmingham, United Kingdom, Muslim, Afro-Caribbean, August]",['United Kingdom'],['Birmingham']
2009," – Riots in Belfast, Northern Ireland on August .[]","[ –, Belfast, Northern Ireland, August]",[],['Belfast']
2009," – Arab protesters clashed with Israeli security forces during riots near Temple Mount in Jerusalem, Israel.[]","[Arab, Israeli, Temple Mount, Jerusalem, Israel]",['Israel'],['Jerusalem']
2009," – Football riot in Široki Brijeg, Bosnia and Herzegovina,  dead.","[Široki Brijeg, Bosnia and Herzegovina,  ]",[],[]
2010," - Times Square riots, New York City, NY, United States,  rioters shot,  arrested.[]","[ - Times Square, New York City, NY, United States]",['United States'],['New York']
2010," – Prison riot in Venezuela,  dead.[]","[Venezuela,  ]",['Venezuela'],[]
2010," – Immigrants riots in Rosarno, Italy,  injured.","[Rosarno, Italy,  ]",['Italy'],[]
2010," – Riots in Nigeria between Muslim and Christian gangs,  dead.[][]","[ – Riots, Nigeria, Muslim, Christian,  ]",['Nigeria'],[]
2010," – Riots in Vancouver, British Columbia, Canada during the  Winter Olympics[]","[ – Riots, Vancouver, British Columbia, Canada, the  Winter Olympics]",[],['Vancouver']
2010," –  Kyrgyzstani uprising,  dead.[][]","[Kyrgyzstani,  ]",[],[]
2010," – Political protests in Thailand,  dead.[][][][]","[Thailand,  ]",['Thailand'],[]
2010," – April  – Springfest Riot, Harrisonburg, Virginia, dozens injured; – arrested.[]","[ –, Harrisonburg, Virginia, dozens]",[],"['Harrisonburg', 'Virginia']"
2010," – Riots in Indonesia,  dead.[]","[ – Riots, Indonesia,  ]",['Indonesia'],[]
2010," – Riots in Kyrgyzstan,  dead[]","[ – Riots, Kyrgyzstan,  ]",['Kyrgyzstan'],[]
2010," – Riots in Santa Cruz, California.[]","[ – Riots, Santa Cruz, California]",[],['Santa Cruz']
2010," – Riots in Greece,  people killed.[]","[ –, Greece,  ]",['Greece'],[]
2010," – Prison riot in Venezuela,  dead.[]","[Venezuela,  ]",['Venezuela'],[]
2010," – Riots in northeast India,  dead,  injured.[]","[ – Riots, India,  ,  ]",['India'],[]
2010," – Riots in Kyrgyzstan between Kyrgyz and Uzbeks,  dead.[]","[ – Riots, Kyrgyzstan, Kyrgyz, Uzbeks,  ]",['Kyrgyzstan'],[]
2010," – Riots in Jamaica,  dead.[]","[ – Riots, Jamaica]",['Jamaica'],[]
2010," – Riots in Kyrgyzstan, at least  dead.[]","[ – Riots, Kyrgyzstan]",['Kyrgyzstan'],[]
2010," – Prison riot in Mexico,  dead.[]","[Mexico,  ]",['Mexico'],[]
2010," – Riots in Bariloche, Argentina,  dead,  injured.[]","[ – Riots, Bariloche, Argentina,  ,  ]",['Argentina'],[]
2010," – Riots in Toronto, Ontario, Canada during the  G- Toronto summit,  arrests[]","[ – Riots, Toronto, Ontario, Canada, Toronto]",[],"['Toronto', 'Ontario', 'Toronto']"
2010," – Prison riot in Venezuela,  dead.[]","[Venezuela,  ]",['Venezuela'],[]
2010," – Riots in Indian Kashmir, at least  dead.[]","[ – Riots, Indian Kashmir]",[],[]
2010," – Riots in Yemen,  dead.[]","[ – Riots, Yemen,  ]",['Yemen'],[]
2010," – Riots in Panama,  dead, dozens injured.[]","[ – Riots, Panama, dozens]",['Panama'],[]
2010," – Riots in Oakland, California after not-guilty verdict returned in Oscar Grant case.[]","[ – Riots, Oakland, California, Oscar Grant]",[],['Oakland']
2010," – Riots in Northern Ireland. Police estimate that million in damages were caused, and over  police officers injured by nationalist rioters.[]","[ – Riots, Northern Ireland, that million,  ]",[],['Police']
2010," – Riots in Nigeria, at least  killed[]","[ – Riots, Nigeria]",['Nigeria'],[]
2010," – Prison riot in Quebec, Canada,  killed.[]","[Quebec, Canada,  ]",['Canada'],[]
2010," – Riots in Indian Kashmir,  people killed in seven weeks of clashes with Indian forces.[][]","[ – Riots, Indian Kashmir,  , seven weeks, Indian]",[],[]
2010," – Riots in Karachi, Pakistan,  dead.[][]","[ – Riots, Karachi, Pakistan,  ]",['Pakistan'],['Karachi']
2010," – Prison riot in Mexico,  dead.[]","[Mexico,  ]",['Mexico'],[]
2010," – Prison riot in Kazakhstan, at least  killed,  injured.[]","[Kazakhstan,  ,  ]",['Kazakhstan'],[]
2010," – Farmers riot in Uttar Pradesh, India, at least  killed.[][]","[Uttar Pradesh, India]",['India'],[]
2010," – Riots in Punjab province, Pakistan,  dead.[]","[ – Riots, Punjab province, Pakistan,  ]",['Pakistan'],[]
2010," – Riots in Mozambique,  killed.[][]","[ – Riots, Mozambique,  ]",['Mozambique'],[]
2010," – Riots in Indonesia,  killed,  injured.[]","[ – Riots, Indonesia,  ,  ]",['Indonesia'],[]
2010," – Riots in Afghanistan,  killed.[]","[ – Riots, Afghanistan,  ]",['Afghanistan'],[]
2010," – Riots in Karachi, Pakistan,  dead.[]","[ – Riots, Karachi, Pakistan,  ]",['Pakistan'],['Karachi']
2010," – Riots in Ecuador,  killed,  injured.[]","[ – Riots, Ecuador,  ,  ]",['Ecuador'],[]
2010," – Riots in East Kalimantan, Indonesia,  dead.[]","[ – Riots, East Kalimantan, Indonesia,  ]",['Indonesia'],[]
2010," – Prison Riots in Venezuela,  killed.[]","[ – Prison Riots, Venezuela,  ]",['Venezuela'],[]
2010," – Belgrade anti-gay riot,  police officers and  civilians injured.[]","[ , Belgrade,  ,  ]",[],['Belgrade']
2010," – Riots in Karachi, Pakistan, at least  killed.[]","[ – Riots, Karachi, Pakistan]",['Pakistan'],['Karachi']
2010," – Prison riot in Haiti,  killed.[]","[Haiti,  ]",['Haiti'],[]
2010," – Riots in Cross River State, Nigeria, at least  killed.[]","[ – Riots, Cross River State, Nigeria]",['Nigeria'],[]
2010," – Riots in Western Sahara,  dead.[]","[ – Riots, Western Sahara,  ]",['Western Sahara'],[]
2010," – Riot in Maranhão, Brazil,  dead.[]","[ – Riot, Maranhão, Brazil,  ]",['Brazil'],[]
2010," – Student riots in London,  injured,  arrested, Conservative head office damaged by protestors.[] Goldsmiths College's UCU (lecturers union) issue statement in support of all demonstrators: ""The real violence in this situation relates not to a smashed window but to the destructive impact of the cuts.""[][]","[London,  ,  , Conservative, Goldsmiths College's]",[],['London']
2010," – Riots in Haiti,  dead.[][]","[ – Riots, Haiti,  ]",['Haiti'],[]
2010," – Riots in Cairo, Egypt,  dead.[]","[ –, Cairo, Egypt,  ]",['Egypt'],['Cairo']
2010," – Riots in Rio de Janeiro, Brazil, at least  people have been killed.[]","[ – Riots, Rio de Janeiro, Brazil]",['Brazil'],['Rio de Janeiro']
2010," – Riots in Ivory Coast, at least  killed.[]","[ – Riots, Ivory Coast]",['Ivory Coast'],[]
2010," – More student riots in London. Twelve police officers were injured with six requiring hospital treatment.  protesters injured, and  arrests made. Several buildings were attacked, including the Treasury, the Supreme Court and Topshop. The Prince of Wales and the Duchess of Cornwall car came under attack, smashing the window of the car and covered in paint.[]","[London, Twelve, six,  , Treasury, the Supreme Court, Topshop, The Prince of Wales, the Duchess of Cornwall]",[],"['London', 'Cornwall']"
2010," – Riots in Buenos Aires, Argentina, at least  killed.[]","[ –, Buenos Aires, Argentina,  ]",['Argentina'],['Buenos Aires']
2010," – Riots in Bangladesh, at least  killed and dozens more have been injured.[]","[ – Riots, Bangladesh,  , dozens]",['Bangladesh'],[]
2010," – Ethnic riots in Moscow, Russia,  injured.[]","[Moscow, Russia,  ]",['Russia'],['Moscow']
2010," – Riots in Ivory Coast, at least  people have been killed.[]","[ – Riots, Ivory Coast,  ]",['Ivory Coast'],[]
2010," – Riots in the Constitución neighborhood, Buenos Aires, Argentina.[]","[ –, Constitución, Buenos Aires, Argentina]",['Argentina'],"['Constitución', 'Buenos Aires']"
2010," – Riots in Tunisia,  dead and several people injured.[]","[ –, Tunisia,  ]",['Tunisia'],[]
2010," – New park riots – pupils riot in a newly built park, several injured in Glasgow, Scotland","[Glasgow, Scotland]",[],['Glasgow']
2011," – Riots in Assam, Meghalaya, Northeast India,  dead.[][]","[ –, Assam, Meghalaya, Northeast India,  ]",[],[]
2011," – Riots in Arusha, Tanzania,  dead and nine people injured.[]","[ – Riots, Arusha, Tanzania, nine]",['Tanzania'],['Arusha']
2011," – Riots in Algeria,  dead and four hundred people injured in riots linked to food price increases and unemployment.[]","[ – Riots, Algeria,  , four hundred]",['Algeria'],[]
2011," – Riots in Tunisia, at least  killed.[]","[ – Riots, Tunisia,  ]",['Tunisia'],[]
2011," – Riots in Jos, Nigeria, more than  people dead.[][]","[ –, Jos, Nigeria,  ]",['Nigeria'],['Jos']
2011," – Riots in Tirana, Albania,  killed,  policemen and soldiers were injured, including three seriously, along with  civilians.[]","[ – Riots, Tirana, Albania,  ,  , three,  ]",['Albania'],['Tirana']
2011," – Riots in Lebanon, following the fall of Saad Hariri's government.[]","[ – Riots, Lebanon, Saad Hariri's]",['Lebanon'],[]
2011," – Riots in Egypt, at least  killed.[]","[ – Riots, Egypt]",['Egypt'],[]
2011," – Riots in Tafawa Balewa, Nigeria,  killed.[]","[ –, Tafawa Balewa, Nigeria,  ]",['Nigeria'],[]
2011," – Prison riot in Sao Luis, Brazil,  dead.[]","[Sao Luis, Brazil,  ]",['Brazil'],[]
2011," – Religious riot in Banten, Indonesia, at least  killed.[]","[Banten, Indonesia]",['Indonesia'],[]
2011," – Riots in Manama, Bahrain, at least  killed,  civilians,  security forces injured.[][][]","[ – Riots, Manama, Bahrain,  ,  ]",['Bahrain'],['Manama']
2011," – Riots in Sulaimaniya, Iraqi Kurdistan, two killed.[]","[ – Riots, Sulaimaniya, Iraqi, Kurdistan, two]",[],[]
2011," – Riots in Al Hoceima, Morocco,  killed.[]","[ – Riots, Al Hoceima, Morocco,  ]",['Morocco'],[]
2011," – Riots in Libya, at least  people killed.[]","[ – Riots, Libya]",['Libya'],[]
2011," – Riots in Iraq, at least  killed.[]","[ – Riots, Iraq]",['Iraq'],[]
2011," – Riots in Yemen,  killed.[][]","[ – Riots, Yemen,  ]",['Yemen'],[]
2011," – Riots in Tunis, Tunisia,  killed.[]","[ – Riots, Tunis, Tunisia,  ]",['Tunisia'],['Tunis']
2011," – Miners riot in Peru, at least  killed.[]",[Peru],['Peru'],[]
2011," – Riots in Cairo, Egypt, between Muslims and Christians, at least  people died and  were injured.[]","[ –, Cairo, Egypt, Muslims, Christians,  ,  ]",['Egypt'],['Cairo']
2011," – Riot in Kissidougou, Guinea, at least  dead.[]","[ – Riot, Kissidougou, Guinea]",['Guinea'],['Kissidougou']
2011," – Prison riot in Tikrit, Iraq,  dead,  wounded.[]","[Tikrit, Iraq,  ,  ]",['Iraq'],[]
2011," – Riots in Syria, at least  killed.[][][]","[ – Riots, Syria]",['Syria'],[]
2011," – Riots in Sana'a, Yemen,  people had died and at least  were injured according to doctors.[]","[ – Riots, Sana'a, Yemen,  ]",['Yemen'],[]
2011," – Prison Riot in Hyderabad, Pakistan,  dead.[]","[ , Hyderabad, Pakistan,  ]",['Pakistan'],['Hyderabad']
2011," – Riot in London, around  thousand people, initially a small protest.[]","[ – Riot, London]",[],['London']
2011," – Riots in Nigeria, at least  people have been killed.[]","[ – Riots, Nigeria]",['Nigeria'],[]
2011," – Riots in Mazar-e Sharif and Kandahar, Afghanistan, at least  people have been killed.[][]","[ – Riots, Sharif, Kandahar, Afghanistan]",['Afghanistan'],[]
2011," – Riots in Jessore, Bangladesh,  dead and at least  others injured.[]","[ – Riots, Jessore, Bangladesh,  ]",['Bangladesh'],['Jessore']
2011," – Riots in Cairo, Egypt,  killed and at least  wounded.[]","[ –, Cairo, Egypt,  ,  ]",['Egypt'],['Cairo']
2011," – Prison riot in Rumieh prison, Lebanon,  dead.[]","[Rumieh prison, Lebanon,  ]",['Lebanon'],[]
2011," – Riot in Parwan province, Afghanistan,  killed.[]","[ – Riot, Parwan province, Afghanistan,  ]",['Afghanistan'],[]
2011," – Riots in Uganda, at least  killed.[]","[ – Riots, Uganda]",['Uganda'],[]
2011," – Riots in Yemen, more than  people have died in two months of protests.[]","[ – Riots, Yemen,  , two months]",['Yemen'],[]
2011," – Riots in Jaitapur, Maharashtra, India,  killed, more than  injured.[]","[ – Riots, Jaitapur, Maharashtra, India,  ,  ]",['India'],[]
2011," – Riots in Diyarbakir, Turkey,  killed.[]","[ – Riots, Diyarbakir, Turkey,  ]",['Turkey'],[]
2011," – Riots in Dakar, Senegal.[]","[ – Riots, Dakar, Senegal]",['Senegal'],['Dakar']
2011," – Riots in Tyre, Lebanon,  killed.[]","[ – Riots, Tyre, Lebanon,  ]",['Lebanon'],['Tyre']
2011," – Riots in Mansa, Luapula Province, Zambia,  people were burned to death.[]","[ – Riots, Mansa, Luapula Province, Zambia,  ]",['Zambia'],['Mansa']
2011," – Riots in Nigeria, at least  killed in post-election rioting.[][]","[ – Riots, Nigeria]",['Nigeria'],[]
2011," – Riots in Kampala, Uganda, at least  dead and  injured.[][]","[ – Riots, Kampala, Uganda]",['Uganda'],['Kampala']
2011," – Riots in Cairo, Egypt, between Muslims and Christians,  dead.[]","[ –, Cairo, Egypt, Muslims, Christians,  ]",['Egypt'],['Cairo']
2011," – Riots in Hesarak District, Nangarhar province, Afghanistan,  killed,  wounded.[]","[ –, Hesarak District, Nangarhar province, Afghanistan,  ,  ]",['Afghanistan'],[]
2011," – Riots on Israel's borders, at least  killed and dozens injured.[][]","[ –, Israel, dozens]",['Israel'],[]
2011," – Riots in West Bengal, India, at least  people killed in post-election violence.[]","[ – Riots, West Bengal, India]",['India'],[]
2011," – Riots in Taloqan, Takhar province, Afghanistan, at least  killed and  injured.[][]","[ – Riots, Taloqan, Takhar province, Afghanistan,  ]",['Afghanistan'],['Taloqan']
2011," – Riots in Tbilisi, Georgia,  killed,  injured.[]","[ – Riots, Tbilisi, Georgia]",['Georgia'],['Tbilisi']
2011," – Riots in Choucha refugee camp, Tunisia, at least  killed.[]","[ –, Choucha, Tunisia,  ]",['Tunisia'],[]
2011," – Riots in Sri Lanka,  killed, at least  wounded.[]","[ – Riots, Sri Lanka,  ,  ]",['Sri Lanka'],[]
2011," – Riots in Greater Noida, Uttar Pradesh, India,  killed.[][]","[ – Riots, Greater Noida, Uttar Pradesh, India,  ]",['India'],['Greater Noida']
2011," – Riots in Metlaoui, Tunisia,  dead and  wounded.[]","[ – Riots, Metlaoui, Tunisia,  ,  ]",['Tunisia'],[]
2011," – Riots in Mogadishu, Somalia,  killed.[]","[ – Riots, Mogadishu, Somalia,  ]",['Somalia'],['Mogadishu']
2011," – Riots in El Rodeo I prison, Caracas, Venezuela,  killed.[]","[ –, El Rodeo, Caracas, Venezuela,  ]",['Venezuela'],['Caracas']
2011," – Riots in Vancouver, British Columbia, Canada after the Vancouver Canucks lost to the Boston Bruins in the Stanley Cup.[]","[ – Riots, Vancouver, British Columbia, Canada, Vancouver, the Boston Bruins, the Stanley Cup]",['Canada'],['Vancouver']
2011," – Riots in Tripoli, Lebanon, at least  killed and at least  people wounded.[][]","[ – Riots, Tripoli, Lebanon]",['Lebanon'],['Tripoli']
2011," – Riots, three separate outbreaks in June and July, Northern Ireland, United Kingdom, over  injured.[][]","[ – Riots, three, June, July, Northern Ireland, United Kingdom]",['United Kingdom'],[]
2011," – Riots in Huancavelica, Peru,  killed and more than  injured.[]","[ – Riots, Huancavelica, Peru,  ,  ]",['Peru'],['Huancavelica']
2011," – Riots in Guwahati, Assam, India,  killed and at least  injured.[][]","[ – Riots, Guwahati, Assam, India,  ]",['India'],['Guwahati']
2011," – Riots in Juliaca, Puno Region, Peru, at least  killed and  wounded.[]","[ – Riots, Juliaca, Puno Region, Peru]",['Peru'],['Juliaca']
2011," – Riots in Dadaab, Kenya,  killed and  injured.[]","[ – Riots, Dadaab, Kenya,  ,  ]",['Kenya'],[]
2011," – Riots in Karachi, Pakistan, at least  killed, including violence a week prior.[][]","[ – Riots, Karachi, Pakistan, a week]",['Pakistan'],['Karachi']
2011," – Riots in Ganjam, Odisha, India, at least  killed.[][]","[ – Riots, Ganjam, Odisha, India]",['India'],[]
2011," – Riot in Karaganda, Kazakhstan, at least  killed in a prison riot.[]","[ – Riot, Karaganda, Kazakhstan]",['Kazakhstan'],[]
2011," – Riot in Nuevo Laredo, Mexico,  killed in a prison riot.[]","[ – Riot, Nuevo Laredo, Mexico,  ]",['Mexico'],['Nuevo Laredo']
2011," – Riot in Hotan, China,  killed.[]","[ – Riot, Hotan, China,  ]",['China'],['Hotan']
2011," – Riots in Homs, Syria, at least  killed in sectarian violence.[]","[ – Riots, Homs, Syria]",['Syria'],['Homs']
2011," – Riots in Sidi Bouzid, Tunisia,  killed.[]","[ – Riots, Sidi Bouzid, Tunisia,  ]",['Tunisia'],['Sidi Bouzid']
2011," – Riots in Malawi, at least  killed.[]","[ – Riots, Malawi,  ]",['Malawi'],[]
2011," – Riots in Ciudad Juárez, Mexico,  people killed in a prison riot.[]","[ – Riots, Ciudad Juárez, Mexico,  ]",['Mexico'],['Ciudad Juárez']
2011," – Riots in Papua, Indonesia,  killed in rioting between rival clans.[][]","[ – Riots, Papua, Indonesia,  ]",['Indonesia'],[]
2011," – Riots in Qalad District, Zabul province, Afghanistan, at least  killed.[]","[ – Riots, Qalad District, Zabul province, Afghanistan]",['Afghanistan'],[]
2011," – Riots in Pimpri-Chinchwad, India,  killed.[]","[ –, Pimpri-Chinchwad, India,  ]",['India'],[]
2011," – Riots in London which spread to other cities in England, over a hundred injured and  killed.[][][][]","[ – Riots, London, England, over a hundred,  ]",[],['London']
2011," – Riots in Mogadishu, Somalia, at least  killed.[]","[ – Riots, Mogadishu, Somalia]",['Somalia'],['Mogadishu']
2011," – Riots in Chile, scores of demonstrators and police injured,  killed.[]","[ – Riots, Chile,  ]",['Chile'],[]
2011," – Riots in Hakkari province, Turkey,  killed.[]","[ – Riots, Hakkari, Turkey,  ]",['Turkey'],['Hakkari']
2011," – Riots in Jos, Nigeria, at least  killed.[]","[ –, Jos, Nigeria]",['Nigeria'],['Jos']
2011," – Riots in Sbeitla, Tunisia,  injured,  teenage girl killed.[]","[ – Riots, Sbeitla, Tunisia,  ,  ]",['Tunisia'],[]
2011," – Riots in Cairo, Egypt,  killed and more than  injured in anti-Israel protests.[]","[ –, Cairo, Egypt,  ,  , Israel]","['Egypt', 'Israel']",['Cairo']
2011," – Riots in Ambon, Indonesia,  dead and  injured in clashes between Christians and Muslims.[][]","[ – Riots, Ambon, Indonesia,  ,  , Christians, Muslims]",['Indonesia'],['Ambon']
2011," – Riots in Paramakudi, Tamil Nadu, India,  killed.[]","[ – Riots, Paramakudi, Tamil Nadu, India,  ]",['India'],[]
2011," – Riots in Ujjain, India,  killed and  injured in a religious riot.[]","[ – Riots, Ujjain, India,  ,  ]",['India'],['Ujjain']
2011," – Riots in Bharatpur, Rajasthan, India, at least  killed, over a dozen injured.[]","[ – Riots, Bharatpur, Rajasthan, India, over a dozen]",['India'],['Bharatpur']
2011," – Riots in Katunitsa, Bulgaria,  dead, at least  injured in ethnic clashes.[][]","[ – Riots, Katunitsa, Bulgaria,  ]",['Bulgaria'],[]
2011," – Riots in Dakhla, Western Sahara, Morocco,  killed, at least  injured.[]","[ – Riots, Dakhla, Western Sahara, Morocco,  ]","['Western Sahara', 'Morocco']",['Dakhla']
2011," – Riots in Conakry, Guinea, at least  killed.[][]","[ – Riots, Conakry, Guinea]",['Guinea'],['Conakry']
2011," – Riots in Cairo, Egypt, at least  killed.[][]","[ –, Cairo, Egypt]",['Egypt'],['Cairo']
2011," – Riots in Darrang district, Assam, India,  killed.[]","[ –, Darrang district, Assam, India,  ]",['India'],[]
2011," – Riots in Papua, Indonesia,  killed,  injured.[]","[ – Riots, Papua, Indonesia,  ,  ]",['Indonesia'],[]
2011," – Riots in Athens, Greece,  died of heart attack,  injured.[]","[ – Riots, Athens, Greece]",['Greece'],['Athens']
2011," – Riots in Monrovia, Liberia, at least  killed and several others wounded.[]","[ – Riots, Monrovia, Liberia]",['Liberia'],['Monrovia']
2011," – Riots in Nicaragua, at least  people killed in post-election violence and  officers have been injured.[]","[ – Riots, Nicaragua]",['Nicaragua'],[]
2011," – Riots in Damietta, Egypt,  killed and at least  injured.[]","[ – Riots, Damietta, Egypt,  ]",['Egypt'],['Damietta']
2011," – Riots in Cairo, Egypt,  killed.[]","[ –, Cairo, Egypt,  ]",['Egypt'],['Cairo']
2011," – Riots in Kinshasa, Democratic Republic of the Congo, at least  dead.[]","[ – Riots, Kinshasa, Democratic Republic of the, Congo]",[],['Kinshasa']
2011," – Riots in Karachi, Pakistan, at least  killed and  injured.[]","[ – Riots, Karachi, Pakistan]",['Pakistan'],['Karachi']
2011," – Riots in Zakho, Iraq, at least  injured.[]","[ – Riots, Zakho, Iraq]",['Iraq'],[]
2011," – Riots in Canete, Peru, at least  killed and  injured.[]","[ – Riots, Canete, Peru]",['Peru'],[]
2011," – Riot in Jagatsinghpur district, Odisha, India, at least  killed and  injured.[]","[ – Riot, Jagatsinghpur, Odisha, India]",['India'],[]
2011," – Riots in Kinshasa, Democratic Republic of the Congo,  killed.[]","[ – Riots, Kinshasa, Democratic Republic of the, Congo,  ]",[],['Kinshasa']
2011," – Riots in Zhanaozen, Kazakhstan, at least  people killed and  injured.[]","[ – Riots, Zhanaozen, Kazakhstan]",['Kazakhstan'],['Zhanaozen']
2011," – Riots in Cairo, Egypt, at least  people killed and hundreds injured.[][]","[ –, Cairo, Egypt, hundreds]",['Egypt'],['Cairo']
2011," – Riots in Bima, West Nusa Tenggara, Indonesia, at least  people were killed and  wounded.[]","[ – Riots, Bima, West Nusa Tenggara, Indonesia,  ]",['Indonesia'],['Bima']
2011," – Riots in Rome, at least  injured","[ – Riots, Rome]",[],['Rome']
2012," – Riots in Uri, Indian Kashmir, India,  killed and  injured.[]","[ – Riots, Uri, Indian Kashmir, India,  ,  ]",['India'],[]
2012," – Riots in Ebonyi State, Nigeria, at least  killed.[]","[ – Riots, Ebonyi State, Nigeria]",['Nigeria'],[]
2012," – Riots in Qatif, Saudi Arabia, several killed and  injured.[]","[ – Riots, Qatif, Saudi Arabia,  ]",['Saudi Arabia'],[]
2012," – Riots in Bahrain, at least  killed and dozens injured within –.[]","[ – Riots, Bahrain, dozens, –.]",['Bahrain'],[]
2012," – Riots in Dakar and Podor, Senegal,  killed.[][]","[ – Riots, Dakar, Podor, Senegal]",['Senegal'],['Dakar']
2012," – Riots in Bangladesh,  killed.[]","[ – Riots, Bangladesh,  ]",['Bangladesh'],[]
2012," – Riots in Port Said, Egypt, at least  killed and at least  people injured.[][]","[ –, Port Said, Egypt]",['Egypt'],['Port Said']
2012," – Riots in Cairo and Suez, Egypt,  dead.[]","[ – Riots, Cairo, Suez, Egypt,  ]",['Egypt'],"['Cairo', 'Suez']"
2012," – Riots in Qatif, Saudi Arabia,  killed and at least  injured.[]","[ – Riots, Qatif, Saudi Arabia,  ,  ]",['Saudi Arabia'],[]
2012," – Riots in Chilaw, Sri Lanka,  killed and  injured.[]","[ – Riots, Chilaw, Sri Lanka,  ,  ]",['Sri Lanka'],['Chilaw']
2012," – Riots in Apodaca, Nuevo León, Mexico,  killed in a prison riot.[]","[ – Riots, Apodaca, Nuevo León, Mexico,  ]",['Mexico'],['Apodaca']
2012," – Riots in Rustenburg, South Africa,  killed.[]","[ – Riots, Rustenburg, South Africa,  ]",['South Africa'],['Rustenburg']
2012," – Riots in Afghanistan,  killed.[][][]","[ – Riots, Afghanistan,  ]",['Afghanistan'],[]
2012," – Riots in Songea, Tanzania,  killed.[]","[ – Riots, Songea, Tanzania]",['Tanzania'],['Songea']
2012," – Riots in Aysén, Chile,  killed and several injured.[]","[ – Riots, Aysén, Chile]",['Chile'],[]
2012," – Riots in Macedonia,  killed and dozens wounded.[]","[ – Riots, Macedonia,  , dozens]",['Macedonia'],[]
2012," – Riots in Puerto Maldonado, Peru,  killed and more than  injured.[]","[ – Riots, Puerto Maldonado, Peru,  ,  ]",['Peru'],['Puerto Maldonado']
2012," – Riots in Turkey,  killed.[]","[ – Riots, Turkey,  ]",['Turkey'],[]
2012," – Riots in Port Said, Egypt,  killed and  injured.[]","[ –, Port Said, Egypt,  ,  ]",['Egypt'],['Port Said']
2012," – Riots in Israel, West Bank and Gaza,  killed and scores injured.[]","[ – Riots, Israel, West Bank, Gaza,  ]",['Israel'],['Gaza']
2012," – Riots in San Pedro Sula, Honduras, at least  killed.[]","[ – Riots, San Pedro, Honduras]",['Honduras'],['San Pedro']
2012," – Riots in Gilgit–Baltistan, Pakistan, at least  killed and nearly  injured.[]","[ –, Gilgit, Baltistan, Pakistan]",['Pakistan'],[]
2012," – Riot in Kuala Lumpur, Malaysia,  protesters fired upon by police using water cannons and tear gas.[]","[ – Riot, Kuala Lumpur, Malaysia,  ]",['Malaysia'],['Kuala Lumpur']
2012," – Riots in Cairo, Egypt, at least  killed.[]","[ –, Cairo, Egypt]",['Egypt'],['Cairo']
2012," – Riots in Tunis, Tunisia,  killed.[]","[ – Riots, Tunis, Tunisia,  ]",['Tunisia'],['Tunis']
2012," – Riots in Papua Province, Indonesia,  killed and  injured.[]","[ – Riots, Papua Province, Indonesia,  ,  ]",['Indonesia'],[]
2012," – Riots in Rakhine State, Myanmar,  killed.[][]","[ – Riots, Rakhine State, Myanmar,  ]",['Myanmar'],[]
2012," – Riots in Kaduna, Nigeria, more than  killed.[]","[ – Riots, Kaduna, Nigeria]",['Nigeria'],['Kaduna']
2012," – Riots in Celendín, Peru, at least  killed.[]","[ – Riots, Celendín, Peru]",['Peru'],[]
2012," – Riots in Potosi, Bolivia,  killed.[]","[ – Riots, Potosi, Bolivia,  ]",['Bolivia'],[]
2012," – Riots in Qatif, Saudi Arabia,  killed.[]","[ – Riots, Qatif, Saudi Arabia,  ]",['Saudi Arabia'],[]
2012," – Riots in Belfast, Northern Ireland.","[ –, Belfast, Northern Ireland]",[],['Belfast']
2012," – Riots in Delhi, India,  killed and more than  injured.[]","[ – Riots, Delhi, India,  ,  ]",['India'],['Delhi']
2012," – Riots in Linden, Guyana, at least  killed.[]","[ – Riots, Linden, Guyana]",['Guyana'],['Linden']
2012," – Riots in Mérida state, Venezuela, at least  killed.[]","[ –, Mérida, Venezuela]",['Venezuela'],['Mérida']
2012," – Riots in Assam, India, at least  killed.[]","[ – Riots, Assam, India]",['India'],[]
2012," – Riots in Anaheim, California, several injuries and  arrested.[]","[ – Riots, Anaheim, California,  ]",[],['Anaheim']
2012," – Riots in Nyala, Sudan,  killed.[]","[ – Riots, Nyala, Sudan,  ]",['Sudan'],[]
2012," – Riots in Zogota, Guinea,  killed.[]","[ – Riots, Zogota, Guinea]",['Guinea'],[]
2012," – Riots in Mumbai, India,  killed and at least  injured.[]","[ – Riots, Mumbai, India,  ]",['India'],['Mumbai']
2012," – Riots in North West Province, South Africa,  killed.[]","[ –, North West Province, South Africa]",['South Africa'],[]
2012," – Riots in North West Province, South Africa,  killed,  wounded.[]","[ –, North West Province, South Africa,  ,  ]",['South Africa'],[]
2012," – Riots in Santa Fe Province, Buenos Aires Province, Tucumán Province. Argentina,  killed and  injured.","[ – Riots, Santa Fe Province, Buenos Aires Province, Tucumán Province, Argentina,  ,  ]",['Argentina'],"['Santa Fe', 'Buenos Aires']"
2012," – Riots in Belfast, Northern Ireland.","[ –, Belfast, Northern Ireland]",[],['Belfast']
2012," – Project X Haren in Haren, Groningen, the Netherlands. Over  injured.[][]","[Project X Haren, Haren, Groningen, Netherlands]",['Netherlands'],"['Haren', 'Haren', 'Groningen']"
2012, – Riots in Mexico City caused by the  Mexican general election[],"[ – Riots, Mexico City, Mexican]",[],['Mexico City']
2012, – Rioting during the Belfast City Hall flag protests in Northern Ireland.[],"[Belfast City, Northern Ireland]",[],[]
2012, – Chinese demonstration and riots during escalation of Senkaku Islands dispute,"[Chinese, Senkaku Islands]",[],[]
2012, - A long running series of protests and riots by farm workers in the Western Cape region of South Africa.,"[Western Cape, South Africa]",['South Africa'],[]
2012," – Wildcats supporters in Lexington, Kentucky","[Lexington, Kentucky]",[],['Lexington']
2013," – Riots in Belfast, Northern Ireland during the flag protests.  police officers were hurt.[]","[ –, Belfast, Northern Ireland]",[],['Belfast']
2013, –  Bulgarian protests,[Bulgarian],[],[]
2013," – Riots in Stockholm, Sweden","[ – Riots, Stockholm, Sweden]",['Sweden'],['Stockholm']
2013, – Riots in Bangladesh[],"[ – Riots, Bangladesh]",['Bangladesh'],[]
2013, – Riots in Turkey (Istanbul)[] (see Gezi Park protests),"[ – Riots, Turkey, Istanbul, Gezi Park]",['Turkey'],[]
2013," -  Anti–Sri Lanka riots in Tamil Nadu, India.","[Sri Lanka, Tamil Nadu, India]","['Sri Lanka', 'India']",[]
2013," – Riots in Brazil (São Paulo, Brasilia, Rio de Janeiro, Belo Horizonte, Salvador, Recife, Curitiba, Porto Alegre and Vitória)[]","[ – Riots, Brazil, São Paulo, Brasilia, Rio de Janeiro, Belo Horizonte, Salvador, Curitiba, Porto Alegre, Vitória]",['Brazil'],"['São Paulo', 'Rio de Janeiro', 'Belo Horizonte', 'Salvador', 'Recife', 'Curitiba', 'Porto Alegre', 'Vitória']"
2013," – Riots in Belfast, Northern Ireland following July  parade and over several days. Dozens injured mainly Police Officers.[]","[ –, Belfast, Northern Ireland, July, several days, Dozens]",[],['Belfast']
2013," – Riots in Shanshan County (Xinjiang, China)  people were killed in riots.[]","[ – Riots, Shanshan County, Xinjiang, China,  ]",['China'],[]
2013," – Riots in Huntington Beach, California,  injured.[][]","[ – Riots, Huntington Beach, California]",[],['Huntington Beach']
2013," – Riots in Cape Town, South Africa[][][]","[ –, Cape Town, South Africa]",['South Africa'],['Cape Town']
2013," – Riots in Belfast, Northern Ireland on August .","[ –, Belfast, Northern Ireland, August]",[],['Belfast']
2013," – Riots in Singapore,  injured.[]","[ – Riots, Singapore,  ]",['Singapore'],[]
2013," – Riots in Trappes, France. After a police patrol stopped a woman for wearing an Islamic face-covering veil (niqab), her husband tried to strangle a police officer and he was arrested. His arrest was followed by three days of rioting by about  participants. In the aftermath, three people were convicted to jail stences from six to ten months.[][]","[ –, Trappes, France, Islamic, three days,  , three, six to ten months]",['France'],['Trappes']
2014," – Euromaidan in Ukraine, from November ,  – February , . Protests and riots in Kyiv, Ukraine ( dead, , injured, around , hospitalized,  arrested for mass rioting and + police officers injured).[][]","[ , Ukraine, November,  – February, Kyiv, Ukraine]","['Ukraine', 'Ukraine']",[]
2014," – Hrushevskoho Street riots, from January ,  – February , . Kyiv, Ukraine","[Hrushevskoho Street, January,  – February, Kyiv, Ukraine]",['Ukraine'],[]
2014, – January  Haredi rioted Brooklyn[citation needed],[ – January  ],[],['Brooklyn']
2014," – February–May :  Venezuelan protests,  killed, + injured, , arrested.","[ –, February–,  Venezuelan,  ]",[],[]
2014," – Riots in Mombasa, Kenya after a raid on a mosque conducted by the police.[]","[ –, Mombasa, Kenya]",['Kenya'],['Mombasa']
2014," –  unrest in Bosnia and Herzegovina The  unrest in Bosnia and Herzegovina is a series of demonstrations and riots that began in the northern town of Tuzla on February , , but quickly spread to multiple cities in Bosnia and Herzegovina, including Sarajevo, Zenica, Mostar.[]","[Bosnia and Herzegovina,  , Bosnia and Herzegovina, Tuzla, February, Bosnia and Herzegovina, Sarajevo, Zenica, Mostar]",[],"['Tuzla', 'Sarajevo', 'Zenica', 'Mostar']"
2014," – Zhengzhou Airport riot, February – in China.[]","[Zhengzhou Airport, February, China]",['China'],[]
2014," – Riots in Tampa, Florida After Cigar City Brewing Company prematurely ran out of beer at their annual release of their highly acclaimed Hunahpu's Imperial Stout, angry attendees began a small riot. Police were called to the scene and dispersed the angry crowd. The riot prompted the brewery's owners to cancel the event in the future. No lives were lost, but some injuries were reported.[]","[ – Riots, Tampa, Florida, Cigar City Brewing Company, annual, Hunahpu, Imperial Stout]",[],"['Tampa', 'Police']"
2014, – Riots in Mexico caused by the  Iguala mass kidnapping[],"[ –, Mexico, Iguala]",['Mexico'],[]
2014," – Riots in Ferguson, Missouri caused by the shooting of Michael Brown and charges against the accused officer being dropped.[]","[ – Riots, Ferguson, Missouri, Michael Brown]",[],"['Ferguson', 'Missouri']"
2015,"April :  South African xenophobic riots breakout first in Durban then spreading to Johannesburg, South Africa targeting foreign immigrants,  dead.","[April, South African, first, Durban, Johannesburg, South Africa,  ]",['South Africa'],"['Durban', 'Johannesburg']"
2015,"April :  Baltimore riots erupted in Baltimore, Maryland, United States in response to the death of -year-old Freddie Gray, who died while in police custody.","[April, Baltimore, Baltimore, Maryland, United States, Freddie Gray]",['United States'],"['Baltimore', 'Baltimore', 'Maryland']"
2015,"July: Three days of riots in Belfast, Northern Ireland following the July  parade.[]","[July, Three days, Belfast, Northern Ireland, July]",[],['Belfast']
2015,"September :  Syrians and Afghans were fighting in a refugee station located in Leipzig, Germany during the Islamic Eid al-Adha festivities.  police vehicles were sent to calm the situation.[]","[September,  Syrians, Afghans, Leipzig, Germany, the Islamic Eid al-Adha,  ]",[],['Leipzig']
2015,December:  Corsican protests follow the rise of Corsican nationalism and resulted in the burning of a mosque in Ajaccio and continuing protests.,"[December, Corsican, Corsican, Ajaccio]",[],['Ajaccio']
2016,"February:  Mong Kok civil unrest (Mong Kok, Hong Kong)","[February, Mong Kok, Mong Kok, Hong Kong]",['Hong Kong'],[]
2016,"February : Riots after the shooting of Abdi Mohamed in Salt Lake City, Utah, U.S.","[February, Riots, Abdi Mohamed, Salt Lake City, Utah, U.S.]",[],['Salt Lake']
2016,"March : Riot in Melbourne, Australia central business district: largely gang-related gunshots were reported in the night.[]","[March, Riot, Melbourne, Australia, the night]",['Australia'],"['March', 'Melbourne']"
2016,"May–June: A series of violent riots Melbourne, Australia between pro and anti-Islam protesters results in numerous acts of vandalism, injuries and arrests.[][]","[May–, Melbourne, Australia, Islam]",['Australia'],['Melbourne']
2016,"May : Protesters outside a Donald Trump rally rioted in Albuquerque, New Mexico, injuring several police officers[]","[Donald Trump, Albuquerque, New Mexico]",[],['Albuquerque']
2016,"June : San Jose, California, Trump rally turns violent when protesters attacked supporters and one Police Officer was assaulted[]","[June, San Jose, California, Trump]",[],['San Jose']
2016,June –: UEFA Euro  riots throughout France.,"[June –: UEFA, France]",['France'],[]
2016,"June –: Riots in Tshwane, South Africa preceding national municipal elections.  dead and  arrested.","[June –:, Tshwane, South Africa]",['South Africa'],[]
2016,August:  Milwaukee riots,"[August,  Milwaukee]",[],['Milwaukee']
2016,"August : Riots break out in Kalgoorlie, Australia after the Death of Elijah Doughty.  police officers injured and buildings and cars damaged.[]","[August, Riots, Kalgoorlie, Australia]",['Australia'],['Kalgoorlie']
2016,"September: Kaveri River water dispute, India","[September, Kaveri River, India]",['India'],[]
2016,"September: Riots in Charlotte, North Carolina caused by the shooting of Keith Lamont Scott by a police officer.[citation needed]","[September, Charlotte, North Carolina, Keith Lamont Scott]",[],['Charlotte']
2016,"November: Protests in many major United States cities over the election of Donald Trump as president of the United States. Many protests lead to riots in various cities. Riots in Portland, Oregon resulted in at least  people arrested, and four people injured. (Citation needed for other cities beyond Portland.)","[November, United States, Donald Trump, the United States, Portland, Oregon,  , four, Portland]","['United States', 'United States']","['Portland', 'Oregon', 'Portland']"
2017,"January –: Ełk riots in Ełk, Poland after the murder of Daniel Rudnicki by workers of local Kebab shop after he stole two coke bottles.[][]","[January, Ełk, Poland, Daniel Rudnicki, Kebab, two]",['Poland'],[]
2017,"January : Sporadic rioting by anarchists in Washington D.C. during the Inauguration of Donald Trump, Leading to  arrests for rioting, and  officers needing medical attention.","[January, Washington D.C., the Inauguration of Donald Trump,  ,  ]",[],['Washington']
2017,January –:  Brazil prison riots.,"[January, Brazil]",['Brazil'],[]
2017,February : Rinkeby riots in Sweden.,"[February, Rinkeby, Sweden]",['Sweden'],[]
2017,"February  – March : Dhaka, Bangladesh Transport Workers Riots.[] Transport workers paralyze the city in protest against a court verdict of a fellow worker, clashing with police, causing arson attack, torching of vehicles and other violence. Most violence were reported at the Gabtoli Intersection. One worker was killed after police forced to open fire.","[February  – March :, Dhaka, Bangladesh Transport Workers Riots, the Gabtoli Intersection, One]",[],"['March', 'Dhaka', 'Most']"
2017,February – and March –:  French riots,"[February – and March –:,  French]",[],['March']
2017,"March ,  – August , :  Venezuelan protests,  killed, + injured,  arrested.","[March,  – August,  Venezuelan,  ,  ]",[],['March']
2017,"August : Rioting in Belfast, Northern Ireland.[]","[August, Belfast, Northern Ireland]",[],['Belfast']
2017,"August –:  Northern India riots, following the rape conviction of Gurmeet Ram Rahim Singh, the leader of the cult Dera Sacha Sauda. + people killed in violence by his followers.","[August, Northern India, Gurmeet Ram Rahim Singh, Dera Sacha Sauda]",[],[]
2017,"November :  people were fighting outside a discothèque in Cologne, Germany.  police vehicles came to stop the fighting. Several people were lightly wounded among whom were a police officer and one person was seriously wounded.[]","[November,  , Cologne, Germany,  , one]",['Germany'],[]
2017,"November : After the team of Morocco qualified for the  FIFA World Cup with a – victory over Ivory Coast, the celebrations by the Moroccan community in Brussels turned into a riot with cars burnt and shops looted by some  rioters and  police officers injured.[][] Firefighters sent to put out the fires were also attacked by the rioters.[]","[November, Morocco, the  FIFA World Cup, Ivory Coast, Moroccan, Brussels,  ,  ]","['Morocco', 'Ivory Coast']",['Brussels']
2017,"November  – December : Tegucigalpa, Honduras After a close election between Salvador Nasralla and Juan Orlando Hernandez the electoral body in Honduras still had no results days after the election, so protests against the government occurred, because the government was having reelection even though it is unconstitutional, at the beginning the opposition candidate Salvador Nasralla was winning by % but the system fell and  days after the reelecting president Juan Orlando Hernandez started to win, this led to protests all over the country which were repressed by the police that up to today are still occurring, until now there has been  deaths, between the riots the government declared curfew between  PM and  AM.","[November  , Tegucigalpa, Honduras, Salvador Nasralla, Juan Orlando Hernandez, Honduras, no results days, Salvador Nasralla,  days, Juan Orlando Hernandez, today,  ]",['Honduras'],['Tegucigalpa']
2018,"February : Calais Migrant Riot: Violence between two groups of migrants,  Eritreans and  Afghans in Calais, France.","[February, Migrant Riot, two,  Eritreans,  Afghans, Calais, France]",['France'],['Calais']
2018,"April : Rioting in Derry, Northern Ireland, following an illegal republican march.[]","[April, Derry, Northern Ireland]",[],['Derry']
2018,"May : Riots broke out in Paris, France when black bloc rioters damaged local businesses, a McDonald's and set fire to cars and a bulldozer.[]","[Riots, Paris, France, McDonald]",['France'],['Paris']
2018,June : Riots in Nigeria between Muslim herders and Christian farmers. Total  dead.[],"[June, Nigeria, Muslim, Christian]",['Nigeria'],[]
2018,October : Violence between Christian and Muslim youths in Kaduna in Nigeria. Total  dead.[],"[October, Christian, Muslim, Kaduna, Nigeria]",['Nigeria'],['Kaduna']
2018,"October : Garments Workers Riots in Narayanganj, Bangladesh.  hour clash between agitated rioting garments workers and the police force,  injured,  vehicles vandalized including a lorry set on fire.[]","[October, Garments Workers Riots, Narayanganj, Bangladesh,  ,  ]",['Bangladesh'],[]
2018,"November –: Two-day riots broke out at USJ, Subang Jaya, Malaysia, between two groups involving more than , people mostly Indian regarding the relocation of Seafield Sri Maha Mariamman Temple. Malay people were also involved by doing an ambush and demonstration causing racial misunderstanding. A team of  policemen including Federal Reserve Unit were deployed to Subang Jaya to control the situation. An evacuation of a hotel had been done.  people had been arrested. Some injuries were recorded. The developer premises had been vandalized by a group of rioters. Twenty-three vehicles had been set on fire, and a fire engine had been damaged by the rioters. A firefighter was heavily beaten by the rioters and was later warded in intensive care unit. The victim died on December , .[][]","[November, Two-day, USJ, Subang Jaya, Malaysia, between two, Indian, Seafield, Mariamman Temple,  , Federal Reserve Unit, Subang Jaya, Twenty-three, December]",['Malaysia'],"['Subang Jaya', 'Temple', 'Subang Jaya']"
2019,"January : Four asylum seekers attacked passers-by of whom  were injured near the train station in Amberg, Germany. Members of the public fled into a shop and the shop assistant locked the door to stop the rioters from entering.[]","[January, Four,  , Amberg, Germany]",['Germany'],['Amberg']
2019,"January –: Zimbabwe fuel protests erupt into national riots after a dramatic increase the price of fuel by the government, at least  deaths and over  people arrested.","[January, Zimbabwe,  ]",['Zimbabwe'],[]
2019,"February : Riots in Haiti,  killed.[]","[February, Riots, Haiti,  ]",['Haiti'],[]
2019,"February : A large street brawl involving  individuals took place in Upplands Väsby, Sweden Masked youth threw rocks at police and three were arrested for rioting (Swedish: våldsamt upplopp).[]","[February,  , Upplands Väsby, Sweden, three, Swedish]",[],['Upplands Väsby']
2019,March –Present: – Hong Kong protests,[Hong Kong],['Hong Kong'],['March']
2019,April –: Riots in Sudan.[][][],"[April, Sudan]",['Sudan'],[]
2019,"April , riots in Northern Ireland[]","[April, Northern Ireland]",[],[]
2019,"April , riots broke out in Nørrebro in Copenhagen, Denmark, after Islam critic Rasmus Paludan staged a demonstration in the district.  people were arrested for a range of offences, from refusal to obey commands issued by police, arson and violence against police. Emergency services responded to  fires connected to the disturbances in Nørrebro, Nordvest, Christianshavn og Amager. About  people took part.[]","[April, Nørrebro, Copenhagen, Denmark, Islam, Rasmus Paludan,  , Nørrebro, Nordvest, Christianshavn, Amager,  ]",['Denmark'],['Copenhagen']
2019," May: Riots in Oldham, Greater Manchester, United Kingdom; Violent clashes between Anti Islamic demonstrators and counter demonstrators.[]","[May, Riots, Oldham, Greater Manchester, United Kingdom, Anti Islamic]",['United Kingdom'],['Oldham']
2019," May: Riots in Jakarta, Indonesia; Peaceful protest from election results turned violent overnight.[][][]","[May, Jakarta, Indonesia, Peaceful, overnight]",['Indonesia'],['Jakarta']
2019,"June , Deggendorf, Germany: asylum seekers attacked police at the refugee centre. Five police were wounded and six Nigerian nationals were arrested for disturbing the peace and causing bodily harm.[]","[June, Deggendorf, Germany, Five, six, Nigerian]",['Germany'],['Deggendorf']
2019,"June –: Khartoum massacre in Sudan.  dead, over  injured.[][]","[June, Khartoum, Sudan,  ,  ]",['Sudan'],['Khartoum']
2019,"June : Riots in Memphis, in the US following the fatal shooting of Brandon Webber by the police.[][][][]","[June, Riots, Memphis, US, Brandon Webber]",[],['Memphis']
2019,"July : Paris and Marseille, France: after Algeria defeated Ivory Coast in the African football championships, riots broke out in Paris and Marseille. Supporters of the Algerian national team gathered on the Champs-Élysées in Paris. The celebration in Paris turned into unrest where two shops were looted. Police used tear gas in Paris and Marseille to disperse the crowds.","[July, Paris, Marseille, France, Algeria, Ivory Coast, African, Paris, Marseille, Algerian, the Champs-Élysées, Paris, Paris, two, Paris, Marseille]","['France', 'Ivory Coast']","['Paris', 'Marseille', 'Paris', 'Marseille', 'Paris', 'Paris', 'Police', 'Paris', 'Marseille']"
2019,"July : Prison riots in Northern Brazil, at least  dead.[]","[July, Prison, Northern Brazil,  ]",[],[]
2019,"August : Left-wing protests against the th G summit in the French town of Biarritz degenerated into riots when participants started throwing rocks at police. Police responded with tear gas and water cannons. The rioters yelled ""everybody hates the police"" and ""anti anti anti capitalists"".[]","[August, French, Biarritz]",[],['Police']
2019,"August –September : Riots in Papua, Indonesia. Over  people dead.[][]","[August –September :, Papua, Indonesia,  ]",['Indonesia'],[]
2019,"August –September : Riots in Glasgow, UK. Attack on Irish unity march by opposition and subsequent clash of both parties with the riot police.[][]","[August –September :, Glasgow, UK, Irish]",[],['Glasgow']
2019,"September –: Xenophobic riots in Johannesburg primarily targeting African immigrants, sparked by the death of a taxi driver. At least  dead and over  arrested.[]","[September, Xenophobic, Johannesburg, African,  ,  ]",[],['Johannesburg']
2019,"September –: Student protest in Jakarta, Indonesia turned into riots, spread nationwide. One student dead.[]","[September, Jakarta, Indonesia, One]",['Indonesia'],['Jakarta']
2019,"October –: Anti-Government riots in Iraq, at least  killed, over a  injured.[][][][]","[October, Anti-Government, Iraq,  ]",['Iraq'],[]
2019,"October –: Riots in Ecuador, mass protests with protesters throwing bricks, causing arson attacks and clashing with riot police, the riots were said to be caused by fuel price hike. A State Of Emergency was issued.  people were killed during the course of the riots.[]","[October, Ecuador, A State Of Emergency]",['Ecuador'],[]
2019,October –Present: Mass protests with nationwide reach in Chile caused by public transport fares increasing. A State of Emergency was issued.[],"[October, Chile, A State of Emergency]",['Chile'],[]
2019,"October –: Riots in Borhanuddin, Bangladesh due to an allegedly offensive Facebook post sent by a hacker.  dead.[]","[October, Borhanuddin, Bangladesh, Facebook,  ]",[],[]
2019,"November –:  killed, dozens injured in political riots in Bolivia[][][]","[November, dozens, Bolivia]",['Bolivia'],[]
2019,"November : Brawl between hundreds of knife yielding youths turned into violent riots a movie theater in Birmingham, UK. Tasers were used to stop rioters,  rioters were arrested and  policemen were injured.[]","[November, between hundreds, Birmingham, UK,  ,  ]",[],['Birmingham']
2019,"December –: Prison riots in Honduras,  killed.[]","[December, Honduras,  ]",['Honduras'],[]
2020,"February –: Riots in Lesbos, Greece, violent clashes between Afghan migrants and the Greek Police. Overcrowded refugee camps have been blamed for triggering the riots.[]","[February, Lesbos, Greece, Afghan, the Greek Police]",['Greece'],[]
2020,"February -March : North East Delhi riots in India,  killed.[][][][]","[February, North East Delhi, India,  ]",['India'],"['March', 'Delhi']"
2020,"March : In the town of Novi Sanzhary in Ukraine, people started rioting due to the fear that the COVID- pandemic was going to kill the population.[]","[March, Novi Sanzhary, Ukraine, COVID-]",['Ukraine'],['March']
2020,March : About  inmates escaped from Italian prisons as the coronavirus triggered riots and brought the country's criminal-justice system to a halt.[],"[March, Italian]",[],['March']
2020,March : Ohio: Riot breaks out following a university's announcement of a temporary closure due to COVID-.[],"[March, Ohio, Riot, COVID-]",[],['March']
2020,"March : In Italy, riots erupted in almost  prisons this month, leaving  inmates dead and  guards injured. Authorities said the inmates died of drug overdoses after raiding a prison infirmary.[]","[March, Italy,  , this month,  ,  ]",[],['March']
2020,March : Riots rock overcrowded Lebanon prisons over coronavirus fears.[],"[March, Lebanon]",['Lebanon'],['March']
2020,"March : In Israel, riots erupts after police limit entrance to Temple Mount.[]","[March, Israel, Temple Mount]",[],['March']
2020,March : Prison riots in Colombia following Covid- panic.  killed.[][][],"[March, Prison, Colombia]",['Colombia'],['March']
2020,March : Prison riots break out across Argentina sparked by anger over conditions and coronavirus fears.[][],"[March, Prison, Argentina]",['Argentina'],['March']
2020,March : A migrant-detention facility in the southern Mexican state of Chiapas experienced a series of riots committed by hundreds of foreign nationals.[],"[March, Mexican, Chiapas, hundreds]",[],['March']
2020,"March : Prisoners Riot in Luxembourg Amid Restrictions on Visitors. Luxembourg's main prison erupted in violence overnight after about  inmates started rioting, forcing several police units to intervene.[]","[March, Luxembourg, Luxembourg, overnight,  ]",['Luxembourg'],['March']
2020,"April : Prison riot in Siberia, Russia, prison set ablaze.[]","[April, Prison, Siberia, Russia]",['Russia'],[]
2020,"May -Ongoing: Nationwide riots in the United States, after the police killing of an unarmed black man in Minneapolis, George Floyd, during arrest by a police officer placing his knee on the victim's neck. Protesters and the police clashed for several days, leaving at least  dead in or near riot or protest zones. Numerous incidents of property destruction and arson attacks took place during the rioting.[][][][][]","[the United States, Minneapolis, George Floyd, several days]",['United States'],['Minneapolis']
2020,June –:  Dijon riots,"[June,  Dijon]",[],['Dijon']
2020,"June –:  Stuttgart riot, where hundreds of people fought police and looted shops in Stuttgart after police investigated a -year-old for narcotics , Germany after police investigated an incident involving drugs. A dozen police were injured.[]","[June, Stuttgart, hundreds, Stuttgart, Germany, A dozen]",['Germany'],"['Stuttgart', 'Stuttgart']"
2020,"June -July : Riots in Ethiopia over the death of a musician,  people killed.[]","[June -July :, Riots, Ethiopia,  ]",['Ethiopia'],[]
2020,"July : Riots in Satbayev, Kazakhstan, violent mob tried to lynch a man who was suspected of raping a  year old girl resulted in homes and police cars being damaged, police injured and  arrests.[]","[July, Riots, Satbayev, Kazakhstan,  year old,  ]",['Kazakhstan'],[]
2020,"August -Ongoing: Riots in Beirut, Lebanon following the  Beirut explosions.[]","[August, Beirut, Lebanon,  Beirut]",['Lebanon'],"['Beirut', 'Beirut']"
2020,"August : Riots in Bangalore, India,  rioters killed in police firing.[][]","[August, Riots, Bangalore, India,  ]",['India'],['Bangalore']
2020,"August : Riots in Malmö, Sweden: about  people rioted in the Rosengård of Malmö. The unrest broke out at  in the evening after activists from the Danish Hard Line party had burned a Quran during the afternoon and posted a film of their manifestation on social media. Swedish autorities had earlier denied Hard Line party leader Rasmus Paludan a permit to hold a demonstration featuring the burning of the Quran and he was stopped at the border. The rioters set fire to property and attacked police officers and police vehicle with rocks while chanting antisemitic slogans.[][]","[August, Sweden,  , the Rosengård of Malmö,  , the evening, Danish, Quran, Swedish, Hard Line, Rasmus Paludan, Quran]",['Sweden'],"['Malmö', 'Malmö']"
